symbol,from,to
360ONE,2025-06-27,
AARTIIND,2023-08-03,2025-07-31
ABB,2023-08-03,
ABBOTINDIA,2023-08-03,2025-02-27
ABCAPITAL,2023-08-03,
ACC,2023-08-03,2025-07-31
ADANIENSOL,2024-11-29,
ADANIENT,2023-08-03,
ADANIGREEN,2024-11-29,
ADANIPORTS,2023-08-03,
ADANIPOWER,2026-04-01,
ALKEM,2023-08-03,
AMBER,2025-06-27,
AMBUJACEM,2023-08-03,
ANANDRATHI,2026-09-30,
ANGELONE,2024-11-29,
APLAPOLLO,2024-11-29,
APOLLOHOSP,2023-08-03,
APOLLOTYRE,2023-08-03,2025-05-29
ASHOKLEY,2023-08-03,
ASIANPAINT,2023-08-03,
ASTRAL,2023-08-03,
ATGL,2024-11-29,2025-08-28
ATHERENERG,2026-08-26,
ATUL,2023-08-03,2025-02-27
AUBANK,2023-08-03,
AUROPHARMA,2023-08-03,
AXISBANK,2023-08-03,
BAJAJ-AUTO,2023-08-03,
BAJAJFINSV,2023-08-03,
BAJAJHLDNG,2025-12-31,
BAJFINANCE,2023-08-03,
BALKRISIND,2023-08-03,2025-07-31
BALRAMCHIN,2023-08-03,2024-10-31
BANDHANBNK,2023-08-03,
BANKBARODA,2023-08-03,
BANKINDIA,2024-11-29,
BATAINDIA,2023-08-03,2025-02-27
BDL,2025-05-30,
BEL,2023-08-03,
BERGEPAINT,2023-08-03,2025-04-24
BHARATFORG,2023-08-03,
BHARTIARTL,2023-08-03,
BHEL,2023-08-03,
BIOCON,2023-08-03,
BLUESTARCO,2025-05-30,
BOSCHLTD,2023-08-03,
BPCL,2023-08-03,
BRITANNIA,2023-08-03,
BSE,2024-11-29,
BSOFT,2023-08-03,2025-07-31
CAMS,2024-11-29,
CANBK,2023-08-03,
CANFINHOME,2023-08-03,2025-02-27
CDSL,2024-11-29,
CESC,2024-11-29,2025-08-28
CGPOWER,2024-11-29,
CHAMBLFERT,2023-08-03,2025-07-31
CHOLAFIN,2023-08-03,
CIPLA,2023-08-03,
COALINDIA,2023-08-03,
COCHINSHIP,2026-04-01,
COFORGE,2023-08-03,
COLPAL,2023-08-03,
CONCOR,2023-08-03,
COROMANDEL,2023-08-03,2025-02-27
CROMPTON,2023-08-03,
CUB,2023-08-03,2025-02-27
CUMMINSIND,2023-08-03,
CYIENT,2024-11-29,2025-12-30
DABUR,2023-08-03,
DALBHARAT,2023-08-03,2026-08-25
DEEPAKNTR,2023-08-03,2025-05-29
DELHIVERY,2024-11-29,
DIVISLAB,2023-08-03,
DIXON,2023-08-03,
DLF,2023-08-03,
DMART,2024-11-29,
DRREDDY,2023-08-03,
EICHERMOT,2023-08-03,
ENRIN,2026-09-30,
ESCORTS,2023-08-03,2025-05-29
ETERNAL,2025-04-09,
EXIDEIND,2023-08-03,2026-07-28
FEDERALBNK,2023-08-03,
FORCEMOT,2026-04-01,
FORTIS,2025-05-30,
GAIL,2023-08-03,
GLENMARK,2023-08-03,
GMRAIRPORT,2024-12-11,
GODFRYPHLP,2026-04-01,
GODREJCP,2023-08-03,
GODREJPROP,2023-08-03,
GRANULES,2023-08-03,2025-08-28
GRASIM,2023-08-03,
GVT&D,2026-05-27,
HAL,2023-08-03,
HAVELLS,2023-08-03,
HCLTECH,2023-08-03,
HDFCAMC,2023-08-03,
HDFCBANK,2023-08-03,
HDFCLIFE,2023-08-03,
HEROMOTOCO,2023-08-03,
HFCL,2024-11-29,2025-12-30
HINDALCO,2023-08-03,
HINDCOPPER,2023-08-03,2025-07-31
HINDPETRO,2023-08-03,
HINDUNILVR,2023-08-03,
HINDZINC,2025-03-28,
HUDCO,2024-11-29,2026-04-28
HYUNDAI,2026-04-01,
ICICIBANK,2023-08-03,
ICICIGI,2023-08-03,
ICICIPRULI,2023-08-03,
IDEA,2023-08-03,
IDFCFIRSTB,2023-08-03,
IEX,2023-08-03,
IGL,2023-08-03,2025-11-25
IIFL,2025-02-28,2026-01-27
INDHOTEL,2023-08-03,
INDIACEM,2023-08-03,2024-08-29
INDIAMART,2023-08-03,2025-02-27
INDIANB,2024-11-29,
INDIGO,2023-08-03,
INDUSINDBK,2023-08-03,
INDUSTOWER,2023-08-03,
INFY,2023-08-03,
INOXWIND,2025-03-28,
IOC,2023-08-03,
IPCALAB,2023-08-03,2025-02-27
IRB,2024-11-29,2025-08-28
IRCTC,2023-08-03,2026-02-24
IREDA,2025-02-28,
IRFC,2024-11-29,
ITC,2023-08-03,
JINDALSTEL,2023-08-03,
JIOFIN,2024-11-29,
JKCEMENT,2023-08-03,2025-03-27
JSL,2024-11-29,2025-08-28
JSWENERGY,2024-11-29,
JSWSTEEL,2023-08-03,
JUBLFOOD,2023-08-03,
KALYANKJIL,2024-11-29,
KAYNES,2025-05-30,
KEI,2024-11-29,
KFINTECH,2025-06-27,
KOTAKBANK,2023-08-03,
KPITTECH,2024-11-29,
LALPATHLAB,2023-08-03,2025-02-27
LAURUSLABS,2023-08-03,
LICHSGFIN,2023-08-03,
LICI,2024-11-29,
LODHA,2024-11-29,
LT,2023-08-03,
LTF,2024-04-23,
LTM,2026-02-27,
LTTS,2023-08-03,2025-03-27
LUPIN,2023-08-03,
M&M,2023-08-03,
M&MFIN,2023-08-03,2025-07-31
MAHABANK,2026-08-26,
MANAPPURAM,2023-08-03,
MANKIND,2025-05-30,
MARICO,2023-08-03,
MARUTI,2023-08-03,
MAXHEALTH,2024-11-29,
MAZDOCK,2025-05-30,
MCX,2023-08-03,
MFSL,2023-08-03,
MGL,2023-08-03,2025-07-31
MOTHERSON,2023-08-03,
MOTILALOFS,2026-04-01,
MPHASIS,2023-08-03,
MRF,2023-08-03,2025-05-29
MUTHOOTFIN,2023-08-03,
NAM-INDIA,2026-04-01,
NATIONALUM,2023-08-03,
NAUKRI,2023-08-03,
NAVINFLUOR,2023-08-03,2025-02-27
NBCC,2025-01-31,
NCC,2024-11-29,2025-12-30
NESTLEIND,2023-08-03,
NHPC,2024-11-29,
NMDC,2023-08-03,
NTPC,2023-08-03,
NUVAMA,2025-08-01,2026-07-28
NYKAA,2024-11-29,
OBEROIRLTY,2023-08-03,
OFSS,2023-08-03,
OIL,2024-11-29,
ONGC,2023-08-03,
PAGEIND,2023-08-03,
PATANJALI,2025-02-28,
PAYTM,2024-11-29,
PERSISTENT,2023-08-03,
PETRONET,2023-08-03,
PFC,2023-08-03,
PGEL,2025-06-27,
PHOENIXLTD,2025-01-31,
PIDILITIND,2023-08-03,
PIIND,2023-08-03,
PNB,2023-08-03,
PNBHOUSING,2025-03-28,
POLICYBZR,2024-11-29,
POLYCAB,2023-08-03,
POONAWALLA,2024-11-29,2025-08-28
POWERGRID,2023-08-03,
POWERINDIA,2025-10-01,
PPLPHARMA,2025-05-30,2026-04-28
PREMIERENE,2025-12-31,
PRESTIGE,2024-11-29,
PVRINOX,2023-08-03,2025-02-27
RADICO,2026-05-27,
RAMCOCEM,2023-08-03,2025-05-29
RBLBANK,2023-08-03,
RECLTD,2023-08-03,
RELIANCE,2023-08-03,
RVNL,2025-05-30,
SAGILITY,2026-08-26,
SAIL,2023-08-03,
SAMMAANCAP,2025-08-29,2026-06-30
SBICARD,2023-08-03,
SBILIFE,2023-08-03,
SBIN,2023-08-03,
SHREECEM,2023-08-03,
SHRIRAMFIN,2023-08-03,
SIEMENS,2023-08-03,
SJVN,2024-11-29,2025-08-28
SOLARINDS,2025-01-31,
SONACOMS,2024-11-29,
SRF,2023-08-03,
SUNPHARMA,2023-08-03,
SUNTV,2023-08-03,2025-02-27
SUPREMEIND,2024-11-29,
SUZLON,2025-08-01,
SWIGGY,2025-12-31,
SYNGENE,2023-08-03,2026-03-30
TATACHEM,2023-08-03,2025-09-30
TATACOMM,2023-08-03,2025-07-31
TATACONSUM,2023-08-03,
TATAELXSI,2024-11-29,
TATAPOWER,2023-08-03,
TATASTEEL,2023-08-03,
TATATECH,2025-02-28,2026-04-28
TCS,2023-08-03,
TECHM,2023-08-03,
TIINDIA,2024-11-29,
TITAGARH,2025-02-28,2025-12-30
TITAN,2023-08-03,
TMPV,2025-10-24,
TORNTPHARM,2023-08-03,
TORNTPOWER,2025-01-31,2026-04-28
TRENT,2023-08-03,
TVSMOTOR,2023-08-03,
UBL,2023-08-03,2025-02-27
ULTRACEMCO,2023-08-03,
UNIONBANK,2024-11-29,
UNITDSPR,2024-06-07,
UNOMINDA,2025-05-30,
UPL,2023-08-03,
VBL,2024-11-29,
VEDL,2023-08-03,
VMM,2026-04-01,
VOLTAS,2023-08-03,
WAAREEENER,2025-12-31,
WIPRO,2023-08-03,
YESBANK,2024-11-29,
ZEEL,2023-08-03,2024-06-27
ZYDUSLIFE,2023-08-03,
